[{"model": "auth.user", "fields": {"password": "pbkdf2_sha256$1000000$F5Psir6NgFeWFwbsbv4Y0J$rlDF+4cb7Bt2IzKNARtk6nxx+SljcF8ujWgHoSVSsnU=", "last_login": null, "is_superuser": true, "username": "admin", "first_name": "", "last_name": "", "email": "admin@example.com", "is_staff": true, "is_active": true, "date_joined": "2025-12-02T06:19:00.145Z", "groups": [], "user_permissions": []}}, {"model": "auth.user", "fields": {"password": "pbkdf2_sha256$1000000$PUHVXqjmD3XgEy9Dl9y0Di$F9oBB5MHmBTsp5FdjoLDcf8/NTh4GjvCPP2ckVgqSqI=", "last_login": "2025-12-11T09:48:32.720Z", "is_superuser": true, "username": "olin", "first_name": "", "last_name": "", "email": "", "is_staff": true, "is_active": true, "date_joined": "2025-12-02T07:11:42.451Z", "groups": [], "user_permissions": []}}, {"model": "sessions.session", "pk": "dejoahcjx5e23m53h2jiq2jl75shaoht", "fields": {"session_data": ".eJxVzDEOwjAMheG7eEYRiWmCO7L3DFUS26SAWqlpJ8TdUaQOsL7_03vDGPetjHuVdZwYenBw-t1SzE-ZW-BHnO-Lycu8rVMyjZijVjMsLK_bYf8OSqwFevB4Ee4oJ2LtrEVSrxQxCHqVxF75TOqSQwo2c6CmlQWvSTHbHODzBf8HOOc:1vREOb:k_Vlyl0TOCZk_5teuurtXrXMzkaMRjokBNAHUCillbU", "expire_date": "2025-12-18T18:49:41.870Z"}}, {"model": "sessions.session", "pk": "kkb81sg024lbgmp3b2kugsdnnjo1azrd", "fields": {"session_data": ".eJxVjDEOgzAMAP_iuYpCiOOEsXvfgOw4FNoKJAJT1b9XSAztene6N_S8b2O_17L2k0IHDi6_TDg_y3wIffB8X0xe5m2dxByJOW01t0XL63q2f4OR6wgd-Gij2BIbQcQUig5IyCwu0KBt64I2UUOOjphiFqTgUyJnk-c0CHr4fAHP_Dc2:1vTI0l:WUqtnprum3p4TnMvFO1Axtch9c261DTEgdDrSH66Vbs", "expire_date": "2025-12-24T11:05:35.714Z"}}, {"model": "sessions.session", "pk": "os6hidkj83ef9n0ua2ju2v88h56q0fx8", "fields": {"session_data": ".eJxVjDEOgzAMAP_iuYpCiOOEsXvfgOw4FNoKJAJT1b9XSAztene6N_S8b2O_17L2k0IHDi6_TDg_y3wIffB8X0xe5m2dxByJOW01t0XL63q2f4OR6wgd-Gij2BIbQcQUig5IyCwu0KBt64I2UUOOjphiFqTgUyJnk-c0CHr4fAHP_Dc2:1vTdHk:MzcEzQGbjwDe9Up9zrUulGB68JudBQRqQjstav6f-Y4", "expire_date": "2025-12-25T09:48:32.725Z"}}, {"model": "sessions.session", "pk": "vy1i5mez6k0jvfahl2rmac6zv58h81nl", "fields": {"session_data": ".eJxVjLsOgzAMAP_FcxUFB-yGsTvfEOVhF9oKJAJT1X-vkBja9e50bwhx38awV1nDVKAHhMsvSzE_ZT5EecT5vpi8zNs6JXMk5rTVDEuR1-1s_wZjrCP0kJssrmvIJhKvLiG64olRXfSERIW1lcydbSI7ZlRqNXmrxJ2Uqyb4fAHXQje7:1vQL1k:xuzNf6QkCV3k0ulWDewTrJFedkoj_6w7ONScc9-xXyg", "expire_date": "2025-12-16T07:42:24.338Z"}}, {"model": "marks.student", "pk": 13, "fields": {"name": "Zahin", "roll": "2", "class_name": "7", "created_at": "2025-12-02T07:05:33.510Z"}}, {"model": "marks.student", "pk": 14, "fields": {"name": "Zabib", "roll": "3", "class_name": "7", "created_at": "2025-12-02T07:05:58.446Z"}}, {"model": "marks.student", "pk": 15, "fields": {"name": "Showrob", "roll": "11", "class_name": "7", "created_at": "2025-12-02T07:06:14.372Z"}}, {"model": "marks.subject", "pk": 14, "fields": {"name": "Science", "created_at": "2025-12-02T07:03:27.631Z"}}, {"model": "marks.subject", "pk": 15, "fields": {"name": "Mathematics", "created_at": "2025-12-02T07:05:03.410Z"}}, {"model": "marks.subject", "pk": 18, "fields": {"name": "English 1st Paper", "created_at": "2025-12-03T17:23:29.904Z"}}, {"model": "marks.subject", "pk": 21, "fields": {"name": "English 2nd Paper", "created_at": "2025-12-10T11:51:32.869Z"}}, {"model": "marks.examtype", "pk": 14, "fields": {"name": "MCQ", "created_at": "2025-12-02T07:08:42.403Z"}}, {"model": "marks.examtype", "pk": 15, "fields": {"name": "CQ", "created_at": "2025-12-02T07:08:47.489Z"}}, {"model": "marks.gradescale", "pk": 54, "fields": {"grade_name": "Superb", "color_code": "#A7F3D0", "points": 20}}, {"model": "marks.gradescale", "pk": 55, "fields": {"grade_name": "Good", "color_code": "#D1FAE5", "points": 15}}, {"model": "marks.gradescale", "pk": 56, "fields": {"grade_name": "Average", "color_code": "#FEF08A", "points": 0}}, {"model": "marks.gradescale", "pk": 57, "fields": {"grade_name": "Poor", "color_code": "#FDE68A", "points": -10}}, {"model": "marks.gradescale", "pk": 58, "fields": {"grade_name": "Fail", "color_code": "#FECACA", "points": -15}}, {"model": "marks.gradescale", "pk": 59, "fields": {"grade_name": "Horrible", "color_code": "#FCA5A5", "points": -20}}, {"model": "marks.exam", "pk": 255, "fields": {"student": 15, "subject": 15, "exam_type": 15, "date": "2025-08-03", "chapter": "7.1, 7.2", "class_number": 7, "total_marks": 120, "mark_obtained": 35, "group_id": "bulk_20251210172305_6479e697", "exam_id": 1, "created_at": "2025-12-10T11:23:05.666Z"}}, {"model": "marks.exam", "pk": 256, "fields": {"student": 14, "subject": 15, "exam_type": 15, "date": "2025-08-03", "chapter": "7.1, 7.2", "class_number": 7, "total_marks": 120, "mark_obtained": 58, "group_id": "bulk_20251210172305_6479e697", "exam_id": 1, "created_at": "2025-12-10T11:23:05.692Z"}}, {"model": "marks.exam", "pk": 257, "fields": {"student": 13, "subject": 15, "exam_type": 15, "date": "2025-08-03", "chapter": "7.1, 7.2", "class_number": 7, "total_marks": 120, "mark_obtained": 68, "group_id": "bulk_20251210172305_6479e697", "exam_id": 1, "created_at": "2025-12-10T11:23:05.704Z"}}, {"model": "marks.exam", "pk": 258, "fields": {"student": 15, "subject": 14, "exam_type": 14, "date": "2025-08-05", "chapter": "8", "class_number": 7, "total_marks": 20, "mark_obtained": 15, "group_id": "bulk_20251210172502_150fb1fb", "exam_id": 2, "created_at": "2025-12-10T11:25:02.822Z"}}, {"model": "marks.exam", "pk": 259, "fields": {"student": 14, "subject": 14, "exam_type": 14, "date": "2025-08-05", "chapter": "8", "class_number": 7, "total_marks": 20, "mark_obtained": 20, "group_id": "bulk_20251210172502_150fb1fb", "exam_id": 2, "created_at": "2025-12-10T11:25:02.839Z"}}, {"model": "marks.exam", "pk": 260, "fields": {"student": 13, "subject": 14, "exam_type": 14, "date": "2025-08-05", "chapter": "8", "class_number": 7, "total_marks": 20, "mark_obtained": 18, "group_id": "bulk_20251210172502_150fb1fb", "exam_id": 2, "created_at": "2025-12-10T11:25:02.852Z"}}, {"model": "marks.exam", "pk": 261, "fields": {"student": 15, "subject": 14, "exam_type": 15, "date": "2025-08-05", "chapter": "8", "class_number": 7, "total_marks": 20, "mark_obtained": 15, "group_id": "bulk_20251210172632_85fc79c0", "exam_id": 3, "created_at": "2025-12-10T11:26:32.987Z"}}, {"model": "marks.exam", "pk": 262, "fields": {"student": 14, "subject": 14, "exam_type": 15, "date": "2025-08-05", "chapter": "8", "class_number": 7, "total_marks": 20, "mark_obtained": 19, "group_id": "bulk_20251210172632_85fc79c0", "exam_id": 3, "created_at": "2025-12-10T11:26:33.002Z"}}, {"model": "marks.exam", "pk": 263, "fields": {"student": 13, "subject": 14, "exam_type": 15, "date": "2025-08-05", "chapter": "8", "class_number": 7, "total_marks": 20, "mark_obtained": 7, "group_id": "bulk_20251210172632_85fc79c0", "exam_id": 3, "created_at": "2025-12-10T11:26:33.015Z"}}, {"model": "marks.exam", "pk": 264, "fields": {"student": 15, "subject": 18, "exam_type": 14, "date": "2025-08-05", "chapter": "5", "class_number": 7, "total_marks": 20, "mark_obtained": 14, "group_id": "bulk_20251210172754_8ea6da21", "exam_id": 4, "created_at": "2025-12-10T11:27:54.799Z"}}, {"model": "marks.exam", "pk": 265, "fields": {"student": 14, "subject": 18, "exam_type": 14, "date": "2025-08-05", "chapter": "5", "class_number": 7, "total_marks": 20, "mark_obtained": 11, "group_id": "bulk_20251210172754_8ea6da21", "exam_id": 4, "created_at": "2025-12-10T11:27:54.814Z"}}, {"model": "marks.exam", "pk": 266, "fields": {"student": 13, "subject": 18, "exam_type": 14, "date": "2025-08-05", "chapter": "5", "class_number": 7, "total_marks": 20, "mark_obtained": 14, "group_id": "bulk_20251210172754_8ea6da21", "exam_id": 4, "created_at": "2025-12-10T11:27:54.826Z"}}, {"model": "marks.exam", "pk": 267, "fields": {"student": 15, "subject": 18, "exam_type": 15, "date": "2025-08-05", "chapter": "5", "class_number": 7, "total_marks": 40, "mark_obtained": 38, "group_id": "bulk_20251210173721_45025fa4", "exam_id": 5, "created_at": "2025-12-10T11:37:21.636Z"}}, {"model": "marks.exam", "pk": 268, "fields": {"student": 14, "subject": 18, "exam_type": 15, "date": "2025-08-05", "chapter": "5", "class_number": 7, "total_marks": 40, "mark_obtained": 34, "group_id": "bulk_20251210173721_45025fa4", "exam_id": 5, "created_at": "2025-12-10T11:37:21.660Z"}}, {"model": "marks.exam", "pk": 269, "fields": {"student": 13, "subject": 18, "exam_type": 15, "date": "2025-08-05", "chapter": "5", "class_number": 7, "total_marks": 40, "mark_obtained": 33, "group_id": "bulk_20251210173721_45025fa4", "exam_id": 5, "created_at": "2025-12-10T11:37:21.672Z"}}, {"model": "marks.exam", "pk": 270, "fields": {"student": 15, "subject": 18, "exam_type": 15, "date": "2025-08-08", "chapter": "6A", "class_number": 7, "total_marks": 40, "mark_obtained": 26, "group_id": "bulk_20251210174447_ecbf66b9", "exam_id": 6, "created_at": "2025-12-10T11:44:47.058Z"}}, {"model": "marks.exam", "pk": 271, "fields": {"student": 14, "subject": 18, "exam_type": 15, "date": "2025-08-08", "chapter": "6A", "class_number": 7, "total_marks": 40, "mark_obtained": 15, "group_id": "bulk_20251210174447_ecbf66b9", "exam_id": 6, "created_at": "2025-12-10T11:44:47.078Z"}}, {"model": "marks.exam", "pk": 272, "fields": {"student": 13, "subject": 18, "exam_type": 15, "date": "2025-08-08", "chapter": "6A", "class_number": 7, "total_marks": 40, "mark_obtained": 21, "group_id": "bulk_20251210174447_ecbf66b9", "exam_id": 6, "created_at": "2025-12-10T11:44:47.092Z"}}, {"model": "marks.exam", "pk": 273, "fields": {"student": 15, "subject": 14, "exam_type": 14, "date": "2025-08-08", "chapter": "9", "class_number": 7, "total_marks": 30, "mark_obtained": 27, "group_id": "bulk_20251210174824_20c51614", "exam_id": 7, "created_at": "2025-12-10T11:48:24.656Z"}}, {"model": "marks.exam", "pk": 274, "fields": {"student": 14, "subject": 14, "exam_type": 14, "date": "2025-08-08", "chapter": "9", "class_number": 7, "total_marks": 30, "mark_obtained": 25, "group_id": "bulk_20251210174824_20c51614", "exam_id": 7, "created_at": "2025-12-10T11:48:24.679Z"}}, {"model": "marks.exam", "pk": 275, "fields": {"student": 13, "subject": 14, "exam_type": 14, "date": "2025-08-08", "chapter": "9", "class_number": 7, "total_marks": 30, "mark_obtained": 24, "group_id": "bulk_20251210174824_20c51614", "exam_id": 7, "created_at": "2025-12-10T11:48:24.694Z"}}, {"model": "marks.exam", "pk": 276, "fields": {"student": 15, "subject": 14, "exam_type": 15, "date": "2025-08-08", "chapter": "9", "class_number": 7, "total_marks": 30, "mark_obtained": 12, "group_id": "bulk_20251210175056_a2fc9f6f", "exam_id": 8, "created_at": "2025-12-10T11:50:56.389Z"}}, {"model": "marks.exam", "pk": 277, "fields": {"student": 14, "subject": 14, "exam_type": 15, "date": "2025-08-08", "chapter": "9", "class_number": 7, "total_marks": 30, "mark_obtained": 18, "group_id": "bulk_20251210175056_a2fc9f6f", "exam_id": 8, "created_at": "2025-12-10T11:50:56.408Z"}}, {"model": "marks.exam", "pk": 278, "fields": {"student": 13, "subject": 14, "exam_type": 15, "date": "2025-08-08", "chapter": "9", "class_number": 7, "total_marks": 30, "mark_obtained": 13, "group_id": "bulk_20251210175056_a2fc9f6f", "exam_id": 8, "created_at": "2025-12-10T11:50:56.421Z"}}, {"model": "marks.exam", "pk": 279, "fields": {"student": 15, "subject": 21, "exam_type": 15, "date": "2025-10-07", "chapter": "Tense", "class_number": 7, "total_marks": 80, "mark_obtained": 56, "group_id": "bulk_20251210175312_43820556", "exam_id": 9, "created_at": "2025-12-10T11:53:12.588Z"}}, {"model": "marks.exam", "pk": 280, "fields": {"student": 14, "subject": 21, "exam_type": 15, "date": "2025-10-07", "chapter": "Tense", "class_number": 7, "total_marks": 80, "mark_obtained": 41, "group_id": "bulk_20251210175312_43820556", "exam_id": 9, "created_at": "2025-12-10T11:53:12.606Z"}}, {"model": "marks.exam", "pk": 281, "fields": {"student": 13, "subject": 21, "exam_type": 15, "date": "2025-10-07", "chapter": "Tense", "class_number": 7, "total_marks": 80, "mark_obtained": 42, "group_id": "bulk_20251210175312_43820556", "exam_id": 9, "created_at": "2025-12-10T11:53:12.621Z"}}, {"model": "marks.exam", "pk": 291, "fields": {"student": 14, "subject": 15, "exam_type": 15, "date": "2025-12-13", "chapter": "1", "class_number": 8, "total_marks": 30, "mark_obtained": 13, "group_id": "bulk_20251213193003_71903fe4", "exam_id": 10, "created_at": "2025-12-13T13:30:03.233Z"}}, {"model": "marks.exam", "pk": 292, "fields": {"student": 13, "subject": 15, "exam_type": 15, "date": "2025-12-13", "chapter": "1", "class_number": 8, "total_marks": 30, "mark_obtained": 9, "group_id": "bulk_20251213193003_71903fe4", "exam_id": 10, "created_at": "2025-12-13T13:30:03.254Z"}}, {"model": "marks.lifetimepoints", "pk": 15, "fields": {"student": 13, "points_earned": 10, "points_spent": 0}}, {"model": "marks.lifetimepoints", "pk": 16, "fields": {"student": 14, "points_earned": 85, "points_spent": 0}}, {"model": "marks.lifetimepoints", "pk": 17, "fields": {"student": 15, "points_earned": 80, "points_spent": 0}}, {"model": "admin.logentry", "pk": 1, "fields": {"action_time": "2025-12-02T07:43:07.212Z", "user": ["olin"], "content_type": ["marks", "exam"], "object_id": "154", "object_repr": "Showrob - Science - MCQ", "action_flag": 3, "change_message": ""}}, {"model": "admin.logentry", "pk": 2, "fields": {"action_time": "2025-12-02T16:33:21.756Z", "user": ["olin"], "content_type": ["marks", "examtype"], "object_id": "13", "object_repr": "Direct", "action_flag": 3, "change_message": ""}}, {"model": "admin.logentry", "pk": 3, "fields": {"action_time": "2025-12-02T16:33:48.312Z", "user": ["olin"], "content_type": ["marks", "exam"], "object_id": "163", "object_repr": "Zahin - English 1st Paper - MCQ", "action_flag": 3, "change_message": ""}}, {"model": "admin.logentry", "pk": 4, "fields": {"action_time": "2025-12-02T16:33:48.313Z", "user": ["olin"], "content_type": ["marks", "exam"], "object_id": "162", "object_repr": "Zabib - English 1st Paper - MCQ", "action_flag": 3, "change_message": ""}}, {"model": "admin.logentry", "pk": 5, "fields": {"action_time": "2025-12-02T16:33:48.313Z", "user": ["olin"], "content_type": ["marks", "exam"], "object_id": "161", "object_repr": "Showrob - English 1st Paper - MCQ", "action_flag": 3, "change_message": ""}}, {"model": "admin.logentry", "pk": 6, "fields": {"action_time": "2025-12-02T16:33:48.313Z", "user": ["olin"], "content_type": ["marks", "exam"], "object_id": "157", "object_repr": "Zabib - English 2nd Paper - CQ", "action_flag": 3, "change_message": ""}}, {"model": "admin.logentry", "pk": 7, "fields": {"action_time": "2025-12-02T16:33:48.313Z", "user": ["olin"], "content_type": ["marks", "exam"], "object_id": "160", "object_repr": "Zahin - Science - CQ", "action_flag": 3, "change_message": ""}}, {"model": "admin.logentry", "pk": 8, "fields": {"action_time": "2025-12-02T16:33:48.313Z", "user": ["olin"], "content_type": ["marks", "exam"], "object_id": "159", "object_repr": "Zabib - Science - CQ", "action_flag": 3, "change_message": ""}}, {"model": "admin.logentry", "pk": 9, "fields": {"action_time": "2025-12-02T16:33:48.313Z", "user": ["olin"], "content_type": ["marks", "exam"], "object_id": "158", "object_repr": "Showrob - Science - CQ", "action_flag": 3, "change_message": ""}}, {"model": "admin.logentry", "pk": 10, "fields": {"action_time": "2025-12-02T16:33:48.313Z", "user": ["olin"], "content_type": ["marks", "exam"], "object_id": "166", "object_repr": "Showrob - Science - CQ", "action_flag": 3, "change_message": ""}}, {"model": "admin.logentry", "pk": 11, "fields": {"action_time": "2025-12-02T16:33:48.313Z", "user": ["olin"], "content_type": ["marks", "exam"], "object_id": "165", "object_repr": "Zahin - Science - CQ", "action_flag": 3, "change_message": ""}}, {"model": "admin.logentry", "pk": 12, "fields": {"action_time": "2025-12-02T16:33:48.313Z", "user": ["olin"], "content_type": ["marks", "exam"], "object_id": "164", "object_repr": "Showrob - Science - CQ", "action_flag": 3, "change_message": ""}}, {"model": "admin.logentry", "pk": 13, "fields": {"action_time": "2025-12-02T16:33:48.313Z", "user": ["olin"], "content_type": ["marks", "exam"], "object_id": "156", "object_repr": "Showrob - English 2nd Paper - CQ", "action_flag": 3, "change_message": ""}}, {"model": "admin.logentry", "pk": 14, "fields": {"action_time": "2025-12-02T16:33:48.313Z", "user": ["olin"], "content_type": ["marks", "exam"], "object_id": "155", "object_repr": "Zahin - English 1st Paper - CQ", "action_flag": 3, "change_message": ""}}, {"model": "admin.logentry", "pk": 15, "fields": {"action_time": "2025-12-02T16:33:48.313Z", "user": ["olin"], "content_type": ["marks", "exam"], "object_id": "154", "object_repr": "Zabib - Science - CQ", "action_flag": 3, "change_message": ""}}, {"model": "admin.logentry", "pk": 16, "fields": {"action_time": "2025-12-02T16:33:48.313Z", "user": ["olin"], "content_type": ["marks", "exam"], "object_id": "153", "object_repr": "Zabib - Mathematics - MCQ", "action_flag": 3, "change_message": ""}}, {"model": "admin.logentry", "pk": 17, "fields": {"action_time": "2025-12-02T16:33:48.313Z", "user": ["olin"], "content_type": ["marks", "exam"], "object_id": "152", "object_repr": "Zabib - Mathematics - MCQ", "action_flag": 3, "change_message": ""}}, {"model": "admin.logentry", "pk": 18, "fields": {"action_time": "2025-12-02T16:33:48.313Z", "user": ["olin"], "content_type": ["marks", "exam"], "object_id": "151", "object_repr": "Zabib - Science - MCQ", "action_flag": 3, "change_message": ""}}, {"model": "admin.logentry", "pk": 19, "fields": {"action_time": "2025-12-02T16:33:48.313Z", "user": ["olin"], "content_type": ["marks", "exam"], "object_id": "150", "object_repr": "Zahin - Mathematics - CQ", "action_flag": 3, "change_message": ""}}, {"model": "admin.logentry", "pk": 20, "fields": {"action_time": "2025-12-02T16:36:02.113Z", "user": ["olin"], "content_type": ["marks", "lifetimepoints"], "object_id": "14", "object_repr": "Showrob - 35 points", "action_flag": 3, "change_message": ""}}, {"model": "admin.logentry", "pk": 21, "fields": {"action_time": "2025-12-02T16:36:02.113Z", "user": ["olin"], "content_type": ["marks", "lifetimepoints"], "object_id": "13", "object_repr": "Zabib - -20 points", "action_flag": 3, "change_message": ""}}, {"model": "admin.logentry", "pk": 22, "fields": {"action_time": "2025-12-02T16:36:02.113Z", "user": ["olin"], "content_type": ["marks", "lifetimepoints"], "object_id": "12", "object_repr": "Zahin - 25 points", "action_flag": 3, "change_message": ""}}, {"model": "admin.logentry", "pk": 23, "fields": {"action_time": "2025-12-02T16:40:34.286Z", "user": ["olin"], "content_type": ["marks", "exam"], "object_id": "169", "object_repr": "Showrob - Mathematics - CQ", "action_flag": 3, "change_message": ""}}, {"model": "admin.logentry", "pk": 24, "fields": {"action_time": "2025-12-02T16:40:34.286Z", "user": ["olin"], "content_type": ["marks", "exam"], "object_id": "168", "object_repr": "Zahin - Mathematics - CQ", "action_flag": 3, "change_message": ""}}, {"model": "admin.logentry", "pk": 25, "fields": {"action_time": "2025-12-02T16:40:34.286Z", "user": ["olin"], "content_type": ["marks", "exam"], "object_id": "167", "object_repr": "Zabib - Mathematics - CQ", "action_flag": 3, "change_message": ""}}, {"model": "admin.logentry", "pk": 26, "fields": {"action_time": "2025-12-02T19:39:38.962Z", "user": ["olin"], "content_type": ["marks", "pointsspent"], "object_id": "1", "object_repr": "Showrob - 10 points on 2025-12-03", "action_flag": 3, "change_message": ""}}, {"model": "admin.logentry", "pk": 27, "fields": {"action_time": "2025-12-02T19:42:09.327Z", "user": ["olin"], "content_type": ["marks", "pointsspent"], "object_id": "2", "object_repr": "Showrob - 2 points on 2025-12-03", "action_flag": 3, "change_message": ""}}, {"model": "admin.logentry", "pk": 28, "fields": {"action_time": "2025-12-02T19:46:18.399Z", "user": ["olin"], "content_type": ["marks", "pointsspent"], "object_id": "3", "object_repr": "Zabib - 10 points on 2025-12-03", "action_flag": 3, "change_message": ""}}, {"model": "admin.logentry", "pk": 29, "fields": {"action_time": "2025-12-02T19:50:24.204Z", "user": ["olin"], "content_type": ["marks", "pointsspent"], "object_id": "4", "object_repr": "Zabib - 5 points on 2025-12-03", "action_flag": 3, "change_message": ""}}, {"model": "admin.logentry", "pk": 30, "fields": {"action_time": "2025-12-02T19:55:23.518Z", "user": ["olin"], "content_type": ["marks", "pointsspent"], "object_id": "5", "object_repr": "Zahin - 3 points on 2025-12-03", "action_flag": 3, "change_message": ""}}, {"model": "admin.logentry", "pk": 31, "fields": {"action_time": "2025-12-02T19:56:15.731Z", "user": ["olin"], "content_type": ["marks", "subject"], "object_id": "17", "object_repr": "English 2nd Paper", "action_flag": 3, "change_message": ""}}, {"model": "admin.logentry", "pk": 32, "fields": {"action_time": "2025-12-02T19:56:15.731Z", "user": ["olin"], "content_type": ["marks", "subject"], "object_id": "16", "object_repr": "English 1st Paper", "action_flag": 3, "change_message": ""}}, {"model": "admin.logentry", "pk": 33, "fields": {"action_time": "2025-12-03T07:48:45.422Z", "user": ["olin"], "content_type": ["marks", "exam"], "object_id": "179", "object_repr": "Showrob - Science - CQ", "action_flag": 3, "change_message": ""}}, {"model": "admin.logentry", "pk": 34, "fields": {"action_time": "2025-12-03T07:58:59.711Z", "user": ["olin"], "content_type": ["marks", "exam"], "object_id": "185", "object_repr": "Zahin - Science - CQ", "action_flag": 3, "change_message": ""}}, {"model": "admin.logentry", "pk": 35, "fields": {"action_time": "2025-12-03T07:58:59.711Z", "user": ["olin"], "content_type": ["marks", "exam"], "object_id": "184", "object_repr": "Zabib - Science - CQ", "action_flag": 3, "change_message": ""}}, {"model": "admin.logentry", "pk": 36, "fields": {"action_time": "2025-12-03T07:58:59.711Z", "user": ["olin"], "content_type": ["marks", "exam"], "object_id": "183", "object_repr": "Showrob - Science - MCQ", "action_flag": 3, "change_message": ""}}, {"model": "admin.logentry", "pk": 37, "fields": {"action_time": "2025-12-03T07:58:59.711Z", "user": ["olin"], "content_type": ["marks", "exam"], "object_id": "182", "object_repr": "Zabib - Mathematics - MCQ", "action_flag": 3, "change_message": ""}}, {"model": "admin.logentry", "pk": 38, "fields": {"action_time": "2025-12-03T07:58:59.711Z", "user": ["olin"], "content_type": ["marks", "exam"], "object_id": "181", "object_repr": "Showrob - Mathematics - MCQ", "action_flag": 3, "change_message": ""}}, {"model": "admin.logentry", "pk": 39, "fields": {"action_time": "2025-12-03T07:58:59.711Z", "user": ["olin"], "content_type": ["marks", "exam"], "object_id": "180", "object_repr": "Showrob - Science - CQ", "action_flag": 3, "change_message": ""}}, {"model": "admin.logentry", "pk": 40, "fields": {"action_time": "2025-12-03T08:50:22.236Z", "user": ["olin"], "content_type": ["marks", "exam"], "object_id": "188", "object_repr": "Zabib - Mathematics - MCQ", "action_flag": 3, "change_message": ""}}, {"model": "admin.logentry", "pk": 41, "fields": {"action_time": "2025-12-03T08:50:22.236Z", "user": ["olin"], "content_type": ["marks", "exam"], "object_id": "187", "object_repr": "Zabib - Mathematics - MCQ", "action_flag": 3, "change_message": ""}}, {"model": "admin.logentry", "pk": 42, "fields": {"action_time": "2025-12-03T08:50:22.236Z", "user": ["olin"], "content_type": ["marks", "exam"], "object_id": "186", "object_repr": "Zabib - Science - MCQ", "action_flag": 3, "change_message": ""}}, {"model": "admin.logentry", "pk": 43, "fields": {"action_time": "2025-12-03T10:55:16.158Z", "user": ["olin"], "content_type": ["marks", "exam"], "object_id": "189", "object_repr": "Zabib - Mathematics - CQ", "action_flag": 3, "change_message": ""}}, {"model": "admin.logentry", "pk": 44, "fields": {"action_time": "2025-12-03T10:56:01.062Z", "user": ["olin"], "content_type": ["marks", "exam"], "object_id": "190", "object_repr": "Zabib - Science - MCQ", "action_flag": 3, "change_message": ""}}, {"model": "admin.logentry", "pk": 45, "fields": {"action_time": "2025-12-03T11:10:49.448Z", "user": ["olin"], "content_type": ["marks", "pointsspent"], "object_id": "6", "object_repr": "Zabib - 20 points on 2025-12-03", "action_flag": 3, "change_message": ""}}, {"model": "admin.logentry", "pk": 46, "fields": {"action_time": "2025-12-03T12:33:57.105Z", "user": ["olin"], "content_type": ["marks", "exam"], "object_id": "193", "object_repr": "Zahin - Mathematics - MCQ", "action_flag": 3, "change_message": ""}}, {"model": "admin.logentry", "pk": 47, "fields": {"action_time": "2025-12-03T12:33:57.105Z", "user": ["olin"], "content_type": ["marks", "exam"], "object_id": "192", "object_repr": "Zabib - Mathematics - MCQ", "action_flag": 3, "change_message": ""}}, {"model": "admin.logentry", "pk": 48, "fields": {"action_time": "2025-12-03T12:33:57.105Z", "user": ["olin"], "content_type": ["marks", "exam"], "object_id": "191", "object_repr": "Showrob - Mathematics - MCQ", "action_flag": 3, "change_message": ""}}, {"model": "admin.logentry", "pk": 49, "fields": {"action_time": "2025-12-03T12:33:57.105Z", "user": ["olin"], "content_type": ["marks", "exam"], "object_id": "178", "object_repr": "Zahin - Science - CQ", "action_flag": 3, "change_message": ""}}, {"model": "admin.logentry", "pk": 50, "fields": {"action_time": "2025-12-03T12:33:57.105Z", "user": ["olin"], "content_type": ["marks", "exam"], "object_id": "177", "object_repr": "Zabib - Science - CQ", "action_flag": 3, "change_message": ""}}, {"model": "admin.logentry", "pk": 51, "fields": {"action_time": "2025-12-03T12:33:57.105Z", "user": ["olin"], "content_type": ["marks", "exam"], "object_id": "176", "object_repr": "Showrob - Science - CQ", "action_flag": 3, "change_message": ""}}, {"model": "admin.logentry", "pk": 52, "fields": {"action_time": "2025-12-03T12:33:57.105Z", "user": ["olin"], "content_type": ["marks", "exam"], "object_id": "175", "object_repr": "Zahin - Science - MCQ", "action_flag": 3, "change_message": ""}}, {"model": "admin.logentry", "pk": 53, "fields": {"action_time": "2025-12-03T12:33:57.105Z", "user": ["olin"], "content_type": ["marks", "exam"], "object_id": "174", "object_repr": "Zabib - Science - MCQ", "action_flag": 3, "change_message": ""}}, {"model": "admin.logentry", "pk": 54, "fields": {"action_time": "2025-12-03T12:33:57.105Z", "user": ["olin"], "content_type": ["marks", "exam"], "object_id": "173", "object_repr": "Showrob - Science - MCQ", "action_flag": 3, "change_message": ""}}, {"model": "admin.logentry", "pk": 55, "fields": {"action_time": "2025-12-03T12:33:57.105Z", "user": ["olin"], "content_type": ["marks", "exam"], "object_id": "172", "object_repr": "Zahin - Mathematics - CQ", "action_flag": 3, "change_message": ""}}, {"model": "admin.logentry", "pk": 56, "fields": {"action_time": "2025-12-03T12:33:57.105Z", "user": ["olin"], "content_type": ["marks", "exam"], "object_id": "171", "object_repr": "Zabib - Mathematics - CQ", "action_flag": 3, "change_message": ""}}, {"model": "admin.logentry", "pk": 57, "fields": {"action_time": "2025-12-03T12:33:57.105Z", "user": ["olin"], "content_type": ["marks", "exam"], "object_id": "170", "object_repr": "Showrob - Mathematics - CQ", "action_flag": 3, "change_message": ""}}, {"model": "admin.logentry", "pk": 58, "fields": {"action_time": "2025-12-03T13:20:50.823Z", "user": ["olin"], "content_type": ["marks", "exam"], "object_id": "197", "object_repr": "Zahin - Science - MCQ", "action_flag": 3, "change_message": ""}}, {"model": "admin.logentry", "pk": 59, "fields": {"action_time": "2025-12-03T13:59:33.492Z", "user": ["olin"], "content_type": ["marks", "exam"], "object_id": "200", "object_repr": "Showrob - Science - CQ", "action_flag": 3, "change_message": ""}}, {"model": "admin.logentry", "pk": 60, "fields": {"action_time": "2025-12-03T13:59:33.492Z", "user": ["olin"], "content_type": ["marks", "exam"], "object_id": "199", "object_repr": "Zabib - Mathematics - CQ", "action_flag": 3, "change_message": ""}}, {"model": "admin.logentry", "pk": 61, "fields": {"action_time": "2025-12-03T13:59:33.492Z", "user": ["olin"], "content_type": ["marks", "exam"], "object_id": "198", "object_repr": "Zabib - Science - CQ", "action_flag": 3, "change_message": ""}}, {"model": "admin.logentry", "pk": 62, "fields": {"action_time": "2025-12-03T13:59:33.492Z", "user": ["olin"], "content_type": ["marks", "exam"], "object_id": "196", "object_repr": "Zabib - Mathematics - CQ", "action_flag": 3, "change_message": ""}}, {"model": "admin.logentry", "pk": 63, "fields": {"action_time": "2025-12-03T13:59:33.492Z", "user": ["olin"], "content_type": ["marks", "exam"], "object_id": "195", "object_repr": "Zahin - Mathematics - CQ", "action_flag": 3, "change_message": ""}}, {"model": "admin.logentry", "pk": 64, "fields": {"action_time": "2025-12-03T13:59:33.492Z", "user": ["olin"], "content_type": ["marks", "exam"], "object_id": "194", "object_repr": "Showrob - Mathematics - CQ", "action_flag": 3, "change_message": ""}}, {"model": "admin.logentry", "pk": 65, "fields": {"action_time": "2025-12-03T14:47:56.993Z", "user": ["olin"], "content_type": ["marks", "exam"], "object_id": "203", "object_repr": "Zahin - Mathematics - CQ", "action_flag": 2, "change_message": "[{\"changed\": {\"fields\": [\"Mark obtained\"]}}]"}}, {"model": "admin.logentry", "pk": 66, "fields": {"action_time": "2025-12-03T14:49:55.206Z", "user": ["olin"], "content_type": ["marks", "exam"], "object_id": "203", "object_repr": "Zahin - Mathematics - CQ", "action_flag": 2, "change_message": "[{\"changed\": {\"fields\": [\"Mark obtained\"]}}]"}}, {"model": "admin.logentry", "pk": 67, "fields": {"action_time": "2025-12-03T14:50:08.272Z", "user": ["olin"], "content_type": ["marks", "exam"], "object_id": "203", "object_repr": "Zahin - Mathematics - CQ", "action_flag": 2, "change_message": "[{\"changed\": {\"fields\": [\"Mark obtained\"]}}]"}}, {"model": "admin.logentry", "pk": 68, "fields": {"action_time": "2025-12-03T14:50:30.001Z", "user": ["olin"], "content_type": ["marks", "exam"], "object_id": "203", "object_repr": "Zahin - Mathematics - CQ", "action_flag": 2, "change_message": "[{\"changed\": {\"fields\": [\"Mark obtained\"]}}]"}}, {"model": "admin.logentry", "pk": 69, "fields": {"action_time": "2025-12-03T14:50:37.583Z", "user": ["olin"], "content_type": ["marks", "exam"], "object_id": "203", "object_repr": "Zahin - Mathematics - CQ", "action_flag": 2, "change_message": "[{\"changed\": {\"fields\": [\"Mark obtained\"]}}]"}}, {"model": "admin.logentry", "pk": 70, "fields": {"action_time": "2025-12-03T14:50:48.126Z", "user": ["olin"], "content_type": ["marks", "exam"], "object_id": "203", "object_repr": "Zahin - Mathematics - CQ", "action_flag": 2, "change_message": "[{\"changed\": {\"fields\": [\"Mark obtained\"]}}]"}}, {"model": "admin.logentry", "pk": 71, "fields": {"action_time": "2025-12-03T14:50:56.222Z", "user": ["olin"], "content_type": ["marks", "exam"], "object_id": "203", "object_repr": "Zahin - Mathematics - CQ", "action_flag": 2, "change_message": "[{\"changed\": {\"fields\": [\"Mark obtained\"]}}]"}}, {"model": "admin.logentry", "pk": 72, "fields": {"action_time": "2025-12-03T14:51:06.350Z", "user": ["olin"], "content_type": ["marks", "exam"], "object_id": "203", "object_repr": "Zahin - Mathematics - CQ", "action_flag": 2, "change_message": "[{\"changed\": {\"fields\": [\"Mark obtained\"]}}]"}}, {"model": "admin.logentry", "pk": 73, "fields": {"action_time": "2025-12-03T14:51:12.819Z", "user": ["olin"], "content_type": ["marks", "exam"], "object_id": "203", "object_repr": "Zahin - Mathematics - CQ", "action_flag": 2, "change_message": "[{\"changed\": {\"fields\": [\"Mark obtained\"]}}]"}}, {"model": "admin.logentry", "pk": 74, "fields": {"action_time": "2025-12-03T14:55:21.424Z", "user": ["olin"], "content_type": ["marks", "exam"], "object_id": "206", "object_repr": "Zabib - Science - MCQ", "action_flag": 2, "change_message": "[{\"changed\": {\"fields\": [\"Mark obtained\"]}}]"}}, {"model": "admin.logentry", "pk": 75, "fields": {"action_time": "2025-12-03T14:55:32.883Z", "user": ["olin"], "content_type": ["marks", "exam"], "object_id": "206", "object_repr": "Zabib - Science - MCQ", "action_flag": 2, "change_message": "[{\"changed\": {\"fields\": [\"Mark obtained\"]}}]"}}, {"model": "admin.logentry", "pk": 76, "fields": {"action_time": "2025-12-03T14:55:38.408Z", "user": ["olin"], "content_type": ["marks", "exam"], "object_id": "206", "object_repr": "Zabib - Science - MCQ", "action_flag": 2, "change_message": "[{\"changed\": {\"fields\": [\"Mark obtained\"]}}]"}}, {"model": "admin.logentry", "pk": 77, "fields": {"action_time": "2025-12-03T15:02:54.444Z", "user": ["olin"], "content_type": ["marks", "exam"], "object_id": "206", "object_repr": "Zabib - Science - MCQ", "action_flag": 2, "change_message": "[{\"changed\": {\"fields\": [\"Mark obtained\"]}}]"}}, {"model": "admin.logentry", "pk": 78, "fields": {"action_time": "2025-12-03T15:03:08.880Z", "user": ["olin"], "content_type": ["marks", "exam"], "object_id": "206", "object_repr": "Zabib - Science - MCQ", "action_flag": 2, "change_message": "[{\"changed\": {\"fields\": [\"Mark obtained\"]}}]"}}, {"model": "admin.logentry", "pk": 79, "fields": {"action_time": "2025-12-03T15:04:06.367Z", "user": ["olin"], "content_type": ["marks", "exam"], "object_id": "206", "object_repr": "Zabib - Science - MCQ", "action_flag": 2, "change_message": "[{\"changed\": {\"fields\": [\"Mark obtained\"]}}]"}}, {"model": "admin.logentry", "pk": 80, "fields": {"action_time": "2025-12-03T15:04:13.731Z", "user": ["olin"], "content_type": ["marks", "exam"], "object_id": "206", "object_repr": "Zabib - Science - MCQ", "action_flag": 2, "change_message": "[{\"changed\": {\"fields\": [\"Mark obtained\"]}}]"}}, {"model": "admin.logentry", "pk": 81, "fields": {"action_time": "2025-12-03T15:04:18.616Z", "user": ["olin"], "content_type": ["marks", "exam"], "object_id": "206", "object_repr": "Zabib - Science - MCQ", "action_flag": 2, "change_message": "[{\"changed\": {\"fields\": [\"Mark obtained\"]}}]"}}, {"model": "admin.logentry", "pk": 82, "fields": {"action_time": "2025-12-03T15:04:33.056Z", "user": ["olin"], "content_type": ["marks", "exam"], "object_id": "206", "object_repr": "Zabib - Science - MCQ", "action_flag": 2, "change_message": "[{\"changed\": {\"fields\": [\"Mark obtained\"]}}]"}}, {"model": "admin.logentry", "pk": 83, "fields": {"action_time": "2025-12-03T15:04:53.793Z", "user": ["olin"], "content_type": ["marks", "exam"], "object_id": "206", "object_repr": "Zabib - Science - MCQ", "action_flag": 2, "change_message": "[{\"changed\": {\"fields\": [\"Mark obtained\"]}}]"}}, {"model": "admin.logentry", "pk": 84, "fields": {"action_time": "2025-12-03T15:04:58.810Z", "user": ["olin"], "content_type": ["marks", "exam"], "object_id": "206", "object_repr": "Zabib - Science - MCQ", "action_flag": 2, "change_message": "[{\"changed\": {\"fields\": [\"Mark obtained\"]}}]"}}, {"model": "admin.logentry", "pk": 85, "fields": {"action_time": "2025-12-03T15:06:35.112Z", "user": ["olin"], "content_type": ["marks", "exam"], "object_id": "206", "object_repr": "Zabib - Science - MCQ", "action_flag": 2, "change_message": "[{\"changed\": {\"fields\": [\"Mark obtained\"]}}]"}}, {"model": "admin.logentry", "pk": 86, "fields": {"action_time": "2025-12-03T15:06:42.780Z", "user": ["olin"], "content_type": ["marks", "exam"], "object_id": "206", "object_repr": "Zabib - Science - MCQ", "action_flag": 2, "change_message": "[{\"changed\": {\"fields\": [\"Mark obtained\"]}}]"}}, {"model": "admin.logentry", "pk": 87, "fields": {"action_time": "2025-12-03T15:06:59.557Z", "user": ["olin"], "content_type": ["marks", "exam"], "object_id": "206", "object_repr": "Zabib - Science - MCQ", "action_flag": 2, "change_message": "[{\"changed\": {\"fields\": [\"Mark obtained\"]}}]"}}, {"model": "admin.logentry", "pk": 88, "fields": {"action_time": "2025-12-03T15:07:13.458Z", "user": ["olin"], "content_type": ["marks", "exam"], "object_id": "206", "object_repr": "Zabib - Science - MCQ", "action_flag": 2, "change_message": "[{\"changed\": {\"fields\": [\"Mark obtained\"]}}]"}}, {"model": "admin.logentry", "pk": 89, "fields": {"action_time": "2025-12-03T15:07:16.662Z", "user": ["olin"], "content_type": ["marks", "exam"], "object_id": "206", "object_repr": "Zabib - Science - MCQ", "action_flag": 2, "change_message": "[{\"changed\": {\"fields\": [\"Mark obtained\"]}}]"}}, {"model": "admin.logentry", "pk": 90, "fields": {"action_time": "2025-12-03T15:07:19.740Z", "user": ["olin"], "content_type": ["marks", "exam"], "object_id": "206", "object_repr": "Zabib - Science - MCQ", "action_flag": 2, "change_message": "[{\"changed\": {\"fields\": [\"Mark obtained\"]}}]"}}, {"model": "admin.logentry", "pk": 91, "fields": {"action_time": "2025-12-03T15:07:23.621Z", "user": ["olin"], "content_type": ["marks", "exam"], "object_id": "206", "object_repr": "Zabib - Science - MCQ", "action_flag": 2, "change_message": "[{\"changed\": {\"fields\": [\"Mark obtained\"]}}]"}}, {"model": "admin.logentry", "pk": 92, "fields": {"action_time": "2025-12-03T15:07:28.124Z", "user": ["olin"], "content_type": ["marks", "exam"], "object_id": "206", "object_repr": "Zabib - Science - MCQ", "action_flag": 2, "change_message": "[{\"changed\": {\"fields\": [\"Mark obtained\"]}}]"}}, {"model": "admin.logentry", "pk": 93, "fields": {"action_time": "2025-12-03T15:07:30.975Z", "user": ["olin"], "content_type": ["marks", "exam"], "object_id": "206", "object_repr": "Zabib - Science - MCQ", "action_flag": 2, "change_message": "[{\"changed\": {\"fields\": [\"Mark obtained\"]}}]"}}, {"model": "admin.logentry", "pk": 94, "fields": {"action_time": "2025-12-03T15:07:33.990Z", "user": ["olin"], "content_type": ["marks", "exam"], "object_id": "206", "object_repr": "Zabib - Science - MCQ", "action_flag": 2, "change_message": "[{\"changed\": {\"fields\": [\"Mark obtained\"]}}]"}}, {"model": "admin.logentry", "pk": 95, "fields": {"action_time": "2025-12-03T15:08:02.326Z", "user": ["olin"], "content_type": ["marks", "exam"], "object_id": "206", "object_repr": "Zabib - Science - MCQ", "action_flag": 2, "change_message": "[{\"changed\": {\"fields\": [\"Mark obtained\"]}}]"}}, {"model": "admin.logentry", "pk": 96, "fields": {"action_time": "2025-12-03T15:08:06.791Z", "user": ["olin"], "content_type": ["marks", "exam"], "object_id": "206", "object_repr": "Zabib - Science - MCQ", "action_flag": 2, "change_message": "[{\"changed\": {\"fields\": [\"Mark obtained\"]}}]"}}, {"model": "admin.logentry", "pk": 97, "fields": {"action_time": "2025-12-03T15:08:10.925Z", "user": ["olin"], "content_type": ["marks", "exam"], "object_id": "206", "object_repr": "Zabib - Science - MCQ", "action_flag": 2, "change_message": "[{\"changed\": {\"fields\": [\"Mark obtained\"]}}]"}}, {"model": "admin.logentry", "pk": 98, "fields": {"action_time": "2025-12-03T15:08:13.927Z", "user": ["olin"], "content_type": ["marks", "exam"], "object_id": "206", "object_repr": "Zabib - Science - MCQ", "action_flag": 2, "change_message": "[{\"changed\": {\"fields\": [\"Mark obtained\"]}}]"}}, {"model": "admin.logentry", "pk": 99, "fields": {"action_time": "2025-12-03T15:08:18.121Z", "user": ["olin"], "content_type": ["marks", "exam"], "object_id": "206", "object_repr": "Zabib - Science - MCQ", "action_flag": 2, "change_message": "[{\"changed\": {\"fields\": [\"Mark obtained\"]}}]"}}, {"model": "admin.logentry", "pk": 100, "fields": {"action_time": "2025-12-03T15:08:24.036Z", "user": ["olin"], "content_type": ["marks", "exam"], "object_id": "206", "object_repr": "Zabib - Science - MCQ", "action_flag": 2, "change_message": "[{\"changed\": {\"fields\": [\"Mark obtained\"]}}]"}}, {"model": "admin.logentry", "pk": 101, "fields": {"action_time": "2025-12-03T15:08:28.848Z", "user": ["olin"], "content_type": ["marks", "exam"], "object_id": "206", "object_repr": "Zabib - Science - MCQ", "action_flag": 2, "change_message": "[{\"changed\": {\"fields\": [\"Mark obtained\"]}}]"}}, {"model": "admin.logentry", "pk": 102, "fields": {"action_time": "2025-12-03T15:08:55.579Z", "user": ["olin"], "content_type": ["marks", "exam"], "object_id": "206", "object_repr": "Zabib - Science - MCQ", "action_flag": 2, "change_message": "[{\"changed\": {\"fields\": [\"Mark obtained\"]}}]"}}, {"model": "admin.logentry", "pk": 103, "fields": {"action_time": "2025-12-03T15:09:00.726Z", "user": ["olin"], "content_type": ["marks", "exam"], "object_id": "205", "object_repr": "Zahin - Science - MCQ", "action_flag": 2, "change_message": "[{\"changed\": {\"fields\": [\"Mark obtained\"]}}]"}}, {"model": "admin.logentry", "pk": 104, "fields": {"action_time": "2025-12-03T15:09:07.042Z", "user": ["olin"], "content_type": ["marks", "exam"], "object_id": "204", "object_repr": "Showrob - Science - MCQ", "action_flag": 2, "change_message": "[{\"changed\": {\"fields\": [\"Mark obtained\"]}}]"}}, {"model": "admin.logentry", "pk": 105, "fields": {"action_time": "2025-12-03T15:14:51.680Z", "user": ["olin"], "content_type": ["marks", "exam"], "object_id": "203", "object_repr": "Zahin - Mathematics - CQ", "action_flag": 2, "change_message": "[{\"changed\": {\"fields\": [\"Mark obtained\"]}}]"}}, {"model": "admin.logentry", "pk": 106, "fields": {"action_time": "2025-12-03T15:14:58.170Z", "user": ["olin"], "content_type": ["marks", "exam"], "object_id": "203", "object_repr": "Zahin - Mathematics - CQ", "action_flag": 2, "change_message": "[{\"changed\": {\"fields\": [\"Mark obtained\"]}}]"}}, {"model": "admin.logentry", "pk": 107, "fields": {"action_time": "2025-12-03T15:15:01.601Z", "user": ["olin"], "content_type": ["marks", "exam"], "object_id": "203", "object_repr": "Zahin - Mathematics - CQ", "action_flag": 2, "change_message": "[{\"changed\": {\"fields\": [\"Mark obtained\"]}}]"}}, {"model": "admin.logentry", "pk": 108, "fields": {"action_time": "2025-12-03T15:15:06.156Z", "user": ["olin"], "content_type": ["marks", "exam"], "object_id": "203", "object_repr": "Zahin - Mathematics - CQ", "action_flag": 2, "change_message": "[{\"changed\": {\"fields\": [\"Mark obtained\"]}}]"}}, {"model": "admin.logentry", "pk": 109, "fields": {"action_time": "2025-12-03T15:15:11.682Z", "user": ["olin"], "content_type": ["marks", "exam"], "object_id": "203", "object_repr": "Zahin - Mathematics - CQ", "action_flag": 2, "change_message": "[{\"changed\": {\"fields\": [\"Mark obtained\"]}}]"}}, {"model": "admin.logentry", "pk": 110, "fields": {"action_time": "2025-12-03T15:15:14.023Z", "user": ["olin"], "content_type": ["marks", "exam"], "object_id": "203", "object_repr": "Zahin - Mathematics - CQ", "action_flag": 2, "change_message": "[{\"changed\": {\"fields\": [\"Mark obtained\"]}}]"}}, {"model": "admin.logentry", "pk": 111, "fields": {"action_time": "2025-12-03T15:15:19.106Z", "user": ["olin"], "content_type": ["marks", "exam"], "object_id": "203", "object_repr": "Zahin - Mathematics - CQ", "action_flag": 2, "change_message": "[{\"changed\": {\"fields\": [\"Mark obtained\"]}}]"}}, {"model": "admin.logentry", "pk": 112, "fields": {"action_time": "2025-12-03T15:15:24.451Z", "user": ["olin"], "content_type": ["marks", "exam"], "object_id": "203", "object_repr": "Zahin - Mathematics - CQ", "action_flag": 2, "change_message": "[{\"changed\": {\"fields\": [\"Mark obtained\"]}}]"}}, {"model": "admin.logentry", "pk": 113, "fields": {"action_time": "2025-12-03T15:15:27.384Z", "user": ["olin"], "content_type": ["marks", "exam"], "object_id": "203", "object_repr": "Zahin - Mathematics - CQ", "action_flag": 2, "change_message": "[{\"changed\": {\"fields\": [\"Mark obtained\"]}}]"}}, {"model": "admin.logentry", "pk": 114, "fields": {"action_time": "2025-12-03T15:15:33.556Z", "user": ["olin"], "content_type": ["marks", "exam"], "object_id": "204", "object_repr": "Showrob - Science - MCQ", "action_flag": 2, "change_message": "[{\"changed\": {\"fields\": [\"Mark obtained\"]}}]"}}, {"model": "admin.logentry", "pk": 115, "fields": {"action_time": "2025-12-03T15:15:36.311Z", "user": ["olin"], "content_type": ["marks", "exam"], "object_id": "204", "object_repr": "Showrob - Science - MCQ", "action_flag": 2, "change_message": "[{\"changed\": {\"fields\": [\"Mark obtained\"]}}]"}}, {"model": "admin.logentry", "pk": 116, "fields": {"action_time": "2025-12-03T15:15:39.414Z", "user": ["olin"], "content_type": ["marks", "exam"], "object_id": "204", "object_repr": "Showrob - Science - MCQ", "action_flag": 2, "change_message": "[{\"changed\": {\"fields\": [\"Mark obtained\"]}}]"}}, {"model": "admin.logentry", "pk": 117, "fields": {"action_time": "2025-12-03T15:15:42.354Z", "user": ["olin"], "content_type": ["marks", "exam"], "object_id": "204", "object_repr": "Showrob - Science - MCQ", "action_flag": 2, "change_message": "[{\"changed\": {\"fields\": [\"Mark obtained\"]}}]"}}, {"model": "admin.logentry", "pk": 118, "fields": {"action_time": "2025-12-03T15:45:39.396Z", "user": ["olin"], "content_type": ["marks", "exam"], "object_id": "206", "object_repr": "Zabib - Science - MCQ", "action_flag": 3, "change_message": ""}}, {"model": "admin.logentry", "pk": 119, "fields": {"action_time": "2025-12-03T15:45:39.396Z", "user": ["olin"], "content_type": ["marks", "exam"], "object_id": "205", "object_repr": "Zahin - Science - MCQ", "action_flag": 3, "change_message": ""}}, {"model": "admin.logentry", "pk": 120, "fields": {"action_time": "2025-12-03T15:45:39.396Z", "user": ["olin"], "content_type": ["marks", "exam"], "object_id": "204", "object_repr": "Showrob - Science - MCQ", "action_flag": 3, "change_message": ""}}, {"model": "admin.logentry", "pk": 121, "fields": {"action_time": "2025-12-03T15:45:39.396Z", "user": ["olin"], "content_type": ["marks", "exam"], "object_id": "203", "object_repr": "Zahin - Mathematics - CQ", "action_flag": 3, "change_message": ""}}, {"model": "admin.logentry", "pk": 122, "fields": {"action_time": "2025-12-03T15:45:39.396Z", "user": ["olin"], "content_type": ["marks", "exam"], "object_id": "202", "object_repr": "Zabib - Mathematics - CQ", "action_flag": 3, "change_message": ""}}, {"model": "admin.logentry", "pk": 123, "fields": {"action_time": "2025-12-03T15:45:39.396Z", "user": ["olin"], "content_type": ["marks", "exam"], "object_id": "201", "object_repr": "Showrob - Mathematics - CQ", "action_flag": 3, "change_message": ""}}, {"model": "admin.logentry", "pk": 124, "fields": {"action_time": "2025-12-03T16:03:48.495Z", "user": ["olin"], "content_type": ["marks", "exam"], "object_id": "212", "object_repr": "Zahin - Science - MCQ", "action_flag": 2, "change_message": "[{\"changed\": {\"fields\": [\"Mark obtained\"]}}]"}}, {"model": "admin.logentry", "pk": 125, "fields": {"action_time": "2025-12-03T16:04:04.521Z", "user": ["olin"], "content_type": ["marks", "exam"], "object_id": "212", "object_repr": "Zahin - Science - MCQ", "action_flag": 2, "change_message": "[{\"changed\": {\"fields\": [\"Mark obtained\"]}}]"}}, {"model": "admin.logentry", "pk": 126, "fields": {"action_time": "2025-12-03T16:04:16.142Z", "user": ["olin"], "content_type": ["marks", "exam"], "object_id": "212", "object_repr": "Zahin - Science - MCQ", "action_flag": 2, "change_message": "[{\"changed\": {\"fields\": [\"Mark obtained\"]}}]"}}, {"model": "admin.logentry", "pk": 127, "fields": {"action_time": "2025-12-03T16:07:30.894Z", "user": ["olin"], "content_type": ["marks", "exam"], "object_id": "209", "object_repr": "Zahin - Mathematics - CQ", "action_flag": 2, "change_message": "[{\"changed\": {\"fields\": [\"Mark obtained\"]}}]"}}, {"model": "admin.logentry", "pk": 128, "fields": {"action_time": "2025-12-03T16:07:55.685Z", "user": ["olin"], "content_type": ["marks", "exam"], "object_id": "209", "object_repr": "Zahin - Mathematics - CQ", "action_flag": 2, "change_message": "[{\"changed\": {\"fields\": [\"Mark obtained\"]}}]"}}, {"model": "admin.logentry", "pk": 129, "fields": {"action_time": "2025-12-03T16:08:17.913Z", "user": ["olin"], "content_type": ["marks", "exam"], "object_id": "209", "object_repr": "Zahin - Mathematics - CQ", "action_flag": 2, "change_message": "[{\"changed\": {\"fields\": [\"Mark obtained\"]}}]"}}, {"model": "admin.logentry", "pk": 130, "fields": {"action_time": "2025-12-03T16:08:29.439Z", "user": ["olin"], "content_type": ["marks", "exam"], "object_id": "209", "object_repr": "Zahin - Mathematics - CQ", "action_flag": 2, "change_message": "[{\"changed\": {\"fields\": [\"Mark obtained\"]}}]"}}, {"model": "admin.logentry", "pk": 131, "fields": {"action_time": "2025-12-03T16:08:39.623Z", "user": ["olin"], "content_type": ["marks", "exam"], "object_id": "209", "object_repr": "Zahin - Mathematics - CQ", "action_flag": 2, "change_message": "[{\"changed\": {\"fields\": [\"Mark obtained\"]}}]"}}, {"model": "admin.logentry", "pk": 132, "fields": {"action_time": "2025-12-03T16:09:47.988Z", "user": ["olin"], "content_type": ["marks", "exam"], "object_id": "209", "object_repr": "Zahin - Mathematics - CQ", "action_flag": 2, "change_message": "[{\"changed\": {\"fields\": [\"Mark obtained\"]}}]"}}, {"model": "admin.logentry", "pk": 133, "fields": {"action_time": "2025-12-03T17:37:38.002Z", "user": ["olin"], "content_type": ["marks", "exam"], "object_id": "217", "object_repr": "Zabib - English 1st Paper - CQ", "action_flag": 3, "change_message": ""}}, {"model": "admin.logentry", "pk": 134, "fields": {"action_time": "2025-12-03T17:37:38.002Z", "user": ["olin"], "content_type": ["marks", "exam"], "object_id": "216", "object_repr": "Showrob - Science - CQ", "action_flag": 3, "change_message": ""}}, {"model": "admin.logentry", "pk": 135, "fields": {"action_time": "2025-12-03T19:40:57.594Z", "user": ["olin"], "content_type": ["marks", "exam"], "object_id": "215", "object_repr": "Zahin - Science - CQ", "action_flag": 2, "change_message": "[{\"changed\": {\"fields\": [\"Mark obtained\"]}}]"}}, {"model": "admin.logentry", "pk": 136, "fields": {"action_time": "2025-12-03T19:41:09.700Z", "user": ["olin"], "content_type": ["marks", "exam"], "object_id": "215", "object_repr": "Zahin - Science - CQ", "action_flag": 2, "change_message": "[{\"changed\": {\"fields\": [\"Mark obtained\"]}}]"}}, {"model": "admin.logentry", "pk": 137, "fields": {"action_time": "2025-12-03T19:41:50.101Z", "user": ["olin"], "content_type": ["marks", "exam"], "object_id": "215", "object_repr": "Zahin - Science - CQ", "action_flag": 2, "change_message": "[{\"changed\": {\"fields\": [\"Mark obtained\"]}}]"}}, {"model": "admin.logentry", "pk": 138, "fields": {"action_time": "2025-12-03T19:42:00.325Z", "user": ["olin"], "content_type": ["marks", "exam"], "object_id": "215", "object_repr": "Zahin - Science - CQ", "action_flag": 2, "change_message": "[{\"changed\": {\"fields\": [\"Mark obtained\"]}}]"}}, {"model": "admin.logentry", "pk": 139, "fields": {"action_time": "2025-12-03T19:49:42.251Z", "user": ["olin"], "content_type": ["marks", "exam"], "object_id": "215", "object_repr": "Zahin - Science - CQ", "action_flag": 2, "change_message": "[{\"changed\": {\"fields\": [\"Mark obtained\"]}}]"}}, {"model": "admin.logentry", "pk": 140, "fields": {"action_time": "2025-12-04T03:59:04.594Z", "user": ["olin"], "content_type": ["marks", "pointsspent"], "object_id": "7", "object_repr": "Zabib - 40 points on 2025-12-03", "action_flag": 3, "change_message": ""}}, {"model": "admin.logentry", "pk": 141, "fields": {"action_time": "2025-12-04T04:55:48.945Z", "user": ["olin"], "content_type": ["marks", "exam"], "object_id": "218", "object_repr": "Showrob - Mathematics - CQ", "action_flag": 3, "change_message": ""}}, {"model": "admin.logentry", "pk": 142, "fields": {"action_time": "2025-12-04T06:41:05.126Z", "user": ["olin"], "content_type": ["marks", "student"], "object_id": "16", "object_repr": "Experiment", "action_flag": 3, "change_message": ""}}, {"model": "admin.logentry", "pk": 143, "fields": {"action_time": "2025-12-04T07:01:27.921Z", "user": ["olin"], "content_type": ["marks", "exam"], "object_id": "224", "object_repr": "Zahin - English 1st Paper - MCQ", "action_flag": 3, "change_message": ""}}, {"model": "admin.logentry", "pk": 144, "fields": {"action_time": "2025-12-04T07:01:27.922Z", "user": ["olin"], "content_type": ["marks", "exam"], "object_id": "223", "object_repr": "Zabib - English 1st Paper - MCQ", "action_flag": 3, "change_message": ""}}, {"model": "admin.logentry", "pk": 145, "fields": {"action_time": "2025-12-04T07:01:27.922Z", "user": ["olin"], "content_type": ["marks", "exam"], "object_id": "222", "object_repr": "Showrob - English 1st Paper - MCQ", "action_flag": 3, "change_message": ""}}, {"model": "admin.logentry", "pk": 146, "fields": {"action_time": "2025-12-04T07:01:27.922Z", "user": ["olin"], "content_type": ["marks", "exam"], "object_id": "221", "object_repr": "Zahin - English 1st Paper - MCQ", "action_flag": 3, "change_message": ""}}, {"model": "admin.logentry", "pk": 147, "fields": {"action_time": "2025-12-04T07:01:27.922Z", "user": ["olin"], "content_type": ["marks", "exam"], "object_id": "220", "object_repr": "Zabib - English 1st Paper - MCQ", "action_flag": 3, "change_message": ""}}, {"model": "admin.logentry", "pk": 148, "fields": {"action_time": "2025-12-04T07:01:27.922Z", "user": ["olin"], "content_type": ["marks", "exam"], "object_id": "219", "object_repr": "Showrob - English 1st Paper - MCQ", "action_flag": 3, "change_message": ""}}, {"model": "admin.logentry", "pk": 149, "fields": {"action_time": "2025-12-04T07:01:27.922Z", "user": ["olin"], "content_type": ["marks", "exam"], "object_id": "215", "object_repr": "Zahin - Science - CQ", "action_flag": 3, "change_message": ""}}, {"model": "admin.logentry", "pk": 150, "fields": {"action_time": "2025-12-04T07:01:27.922Z", "user": ["olin"], "content_type": ["marks", "exam"], "object_id": "214", "object_repr": "Zabib - Science - CQ", "action_flag": 3, "change_message": ""}}, {"model": "admin.logentry", "pk": 151, "fields": {"action_time": "2025-12-04T07:01:27.922Z", "user": ["olin"], "content_type": ["marks", "exam"], "object_id": "213", "object_repr": "Showrob - Science - CQ", "action_flag": 3, "change_message": ""}}, {"model": "admin.logentry", "pk": 152, "fields": {"action_time": "2025-12-04T07:01:27.922Z", "user": ["olin"], "content_type": ["marks", "exam"], "object_id": "212", "object_repr": "Zahin - Science - MCQ", "action_flag": 3, "change_message": ""}}, {"model": "admin.logentry", "pk": 153, "fields": {"action_time": "2025-12-04T07:01:27.922Z", "user": ["olin"], "content_type": ["marks", "exam"], "object_id": "211", "object_repr": "Zabib - Science - MCQ", "action_flag": 3, "change_message": ""}}, {"model": "admin.logentry", "pk": 154, "fields": {"action_time": "2025-12-04T07:01:27.922Z", "user": ["olin"], "content_type": ["marks", "exam"], "object_id": "210", "object_repr": "Showrob - Science - MCQ", "action_flag": 3, "change_message": ""}}, {"model": "admin.logentry", "pk": 155, "fields": {"action_time": "2025-12-04T07:01:49.786Z", "user": ["olin"], "content_type": ["marks", "exam"], "object_id": "209", "object_repr": "Zahin - Mathematics - CQ", "action_flag": 2, "change_message": "[{\"changed\": {\"fields\": [\"Mark obtained\"]}}]"}}, {"model": "admin.logentry", "pk": 156, "fields": {"action_time": "2025-12-04T07:01:49.804Z", "user": ["olin"], "content_type": ["marks", "exam"], "object_id": "208", "object_repr": "Zabib - Mathematics - CQ", "action_flag": 2, "change_message": "[{\"changed\": {\"fields\": [\"Mark obtained\"]}}]"}}, {"model": "admin.logentry", "pk": 157, "fields": {"action_time": "2025-12-04T07:01:49.822Z", "user": ["olin"], "content_type": ["marks", "exam"], "object_id": "207", "object_repr": "Showrob - Mathematics - CQ", "action_flag": 2, "change_message": "[{\"changed\": {\"fields\": [\"Mark obtained\"]}}]"}}, {"model": "admin.logentry", "pk": 158, "fields": {"action_time": "2025-12-04T07:03:29.467Z", "user": ["olin"], "content_type": ["marks", "exam"], "object_id": "208", "object_repr": "Zabib - Mathematics - CQ", "action_flag": 2, "change_message": "[{\"changed\": {\"fields\": [\"Mark obtained\"]}}]"}}, {"model": "admin.logentry", "pk": 159, "fields": {"action_time": "2025-12-04T07:13:24.483Z", "user": ["olin"], "content_type": ["marks", "exam"], "object_id": "225", "object_repr": "Showrob - Mathematics - CQ", "action_flag": 3, "change_message": ""}}, {"model": "admin.logentry", "pk": 160, "fields": {"action_time": "2025-12-04T07:21:26.601Z", "user": ["olin"], "content_type": ["marks", "exam"], "object_id": "226", "object_repr": "Zabib - English 1st Paper - CQ", "action_flag": 3, "change_message": ""}}, {"model": "admin.logentry", "pk": 161, "fields": {"action_time": "2025-12-04T07:31:50.092Z", "user": ["olin"], "content_type": ["marks", "exam"], "object_id": "209", "object_repr": "Zahin - Mathematics - CQ", "action_flag": 2, "change_message": "[{\"changed\": {\"fields\": [\"Mark obtained\"]}}]"}}, {"model": "admin.logentry", "pk": 162, "fields": {"action_time": "2025-12-04T07:31:50.107Z", "user": ["olin"], "content_type": ["marks", "exam"], "object_id": "208", "object_repr": "Zabib - Mathematics - CQ", "action_flag": 2, "change_message": "[{\"changed\": {\"fields\": [\"Mark obtained\"]}}]"}}, {"model": "admin.logentry", "pk": 163, "fields": {"action_time": "2025-12-04T07:31:50.117Z", "user": ["olin"], "content_type": ["marks", "exam"], "object_id": "207", "object_repr": "Showrob - Mathematics - CQ", "action_flag": 2, "change_message": "[{\"changed\": {\"fields\": [\"Mark obtained\"]}}]"}}, {"model": "admin.logentry", "pk": 164, "fields": {"action_time": "2025-12-04T07:58:03.839Z", "user": ["olin"], "content_type": ["marks", "exam"], "object_id": "227", "object_repr": "Showrob - Science - MCQ", "action_flag": 2, "change_message": "[{\"changed\": {\"fields\": [\"Mark obtained\"]}}]"}}, {"model": "admin.logentry", "pk": 165, "fields": {"action_time": "2025-12-04T07:58:25.065Z", "user": ["olin"], "content_type": ["marks", "exam"], "object_id": "227", "object_repr": "Showrob - Science - MCQ", "action_flag": 2, "change_message": "[{\"changed\": {\"fields\": [\"Mark obtained\"]}}]"}}, {"model": "admin.logentry", "pk": 166, "fields": {"action_time": "2025-12-04T07:59:07.579Z", "user": ["olin"], "content_type": ["marks", "exam"], "object_id": "228", "object_repr": "Zabib - Science - MCQ", "action_flag": 2, "change_message": "[{\"changed\": {\"fields\": [\"Mark obtained\"]}}]"}}, {"model": "admin.logentry", "pk": 167, "fields": {"action_time": "2025-12-04T07:59:15.710Z", "user": ["olin"], "content_type": ["marks", "exam"], "object_id": "228", "object_repr": "Zabib - Science - MCQ", "action_flag": 2, "change_message": "[{\"changed\": {\"fields\": [\"Mark obtained\"]}}]"}}, {"model": "admin.logentry", "pk": 168, "fields": {"action_time": "2025-12-04T08:00:29.222Z", "user": ["olin"], "content_type": ["marks", "exam"], "object_id": "229", "object_repr": "Zahin - Science - MCQ", "action_flag": 2, "change_message": "[{\"changed\": {\"fields\": [\"Mark obtained\"]}}]"}}, {"model": "admin.logentry", "pk": 169, "fields": {"action_time": "2025-12-04T08:00:48.549Z", "user": ["olin"], "content_type": ["marks", "exam"], "object_id": "228", "object_repr": "Zabib - Science - MCQ", "action_flag": 2, "change_message": "[{\"changed\": {\"fields\": [\"Mark obtained\"]}}]"}}, {"model": "admin.logentry", "pk": 170, "fields": {"action_time": "2025-12-04T08:01:28.732Z", "user": ["olin"], "content_type": ["marks", "exam"], "object_id": "229", "object_repr": "Zahin - Science - MCQ", "action_flag": 3, "change_message": ""}}, {"model": "admin.logentry", "pk": 171, "fields": {"action_time": "2025-12-04T08:01:28.732Z", "user": ["olin"], "content_type": ["marks", "exam"], "object_id": "228", "object_repr": "Zabib - Science - MCQ", "action_flag": 3, "change_message": ""}}, {"model": "admin.logentry", "pk": 172, "fields": {"action_time": "2025-12-04T08:01:28.732Z", "user": ["olin"], "content_type": ["marks", "exam"], "object_id": "227", "object_repr": "Showrob - Science - MCQ", "action_flag": 3, "change_message": ""}}, {"model": "admin.logentry", "pk": 173, "fields": {"action_time": "2025-12-04T08:08:10.103Z", "user": ["olin"], "content_type": ["marks", "exam"], "object_id": "230", "object_repr": "Showrob - Science - MCQ", "action_flag": 2, "change_message": "[{\"changed\": {\"fields\": [\"Mark obtained\"]}}]"}}, {"model": "admin.logentry", "pk": 174, "fields": {"action_time": "2025-12-04T08:13:26.766Z", "user": ["olin"], "content_type": ["marks", "exam"], "object_id": "232", "object_repr": "Zahin - Science - MCQ", "action_flag": 3, "change_message": ""}}, {"model": "admin.logentry", "pk": 175, "fields": {"action_time": "2025-12-04T08:13:26.766Z", "user": ["olin"], "content_type": ["marks", "exam"], "object_id": "231", "object_repr": "Zabib - Science - MCQ", "action_flag": 3, "change_message": ""}}, {"model": "admin.logentry", "pk": 176, "fields": {"action_time": "2025-12-04T08:13:26.766Z", "user": ["olin"], "content_type": ["marks", "exam"], "object_id": "230", "object_repr": "Showrob - Science - MCQ", "action_flag": 3, "change_message": ""}}, {"model": "admin.logentry", "pk": 177, "fields": {"action_time": "2025-12-04T08:19:26.941Z", "user": ["olin"], "content_type": ["marks", "exam"], "object_id": "233", "object_repr": "Showrob - Mathematics - MCQ", "action_flag": 2, "change_message": "[{\"changed\": {\"fields\": [\"Mark obtained\"]}}]"}}, {"model": "admin.logentry", "pk": 178, "fields": {"action_time": "2025-12-04T08:19:30.285Z", "user": ["olin"], "content_type": ["marks", "exam"], "object_id": "233", "object_repr": "Showrob - Mathematics - MCQ", "action_flag": 2, "change_message": "[{\"changed\": {\"fields\": [\"Mark obtained\"]}}]"}}, {"model": "admin.logentry", "pk": 179, "fields": {"action_time": "2025-12-04T08:19:41.872Z", "user": ["olin"], "content_type": ["marks", "exam"], "object_id": "234", "object_repr": "Zabib - Mathematics - MCQ", "action_flag": 2, "change_message": "[{\"changed\": {\"fields\": [\"Mark obtained\"]}}]"}}, {"model": "admin.logentry", "pk": 180, "fields": {"action_time": "2025-12-04T08:19:44.750Z", "user": ["olin"], "content_type": ["marks", "exam"], "object_id": "234", "object_repr": "Zabib - Mathematics - MCQ", "action_flag": 2, "change_message": "[{\"changed\": {\"fields\": [\"Mark obtained\"]}}]"}}, {"model": "admin.logentry", "pk": 181, "fields": {"action_time": "2025-12-04T08:50:06.768Z", "user": ["olin"], "content_type": ["marks", "student"], "object_id": "17", "object_repr": "Aleen", "action_flag": 3, "change_message": ""}}, {"model": "admin.logentry", "pk": 182, "fields": {"action_time": "2025-12-04T09:05:16.456Z", "user": ["olin"], "content_type": ["marks", "exam"], "object_id": "235", "object_repr": "Zahin - Mathematics - MCQ", "action_flag": 3, "change_message": ""}}, {"model": "admin.logentry", "pk": 183, "fields": {"action_time": "2025-12-04T09:05:16.456Z", "user": ["olin"], "content_type": ["marks", "exam"], "object_id": "234", "object_repr": "Zabib - Mathematics - MCQ", "action_flag": 3, "change_message": ""}}, {"model": "admin.logentry", "pk": 184, "fields": {"action_time": "2025-12-04T09:05:16.456Z", "user": ["olin"], "content_type": ["marks", "exam"], "object_id": "233", "object_repr": "Showrob - Mathematics - MCQ", "action_flag": 3, "change_message": ""}}, {"model": "admin.logentry", "pk": 185, "fields": {"action_time": "2025-12-04T10:43:13.936Z", "user": ["olin"], "content_type": ["marks", "exam"], "object_id": "238", "object_repr": "Zahin - Mathematics - MCQ", "action_flag": 3, "change_message": ""}}, {"model": "admin.logentry", "pk": 186, "fields": {"action_time": "2025-12-04T10:43:13.936Z", "user": ["olin"], "content_type": ["marks", "exam"], "object_id": "237", "object_repr": "Zabib - Mathematics - MCQ", "action_flag": 3, "change_message": ""}}, {"model": "admin.logentry", "pk": 187, "fields": {"action_time": "2025-12-04T10:43:13.936Z", "user": ["olin"], "content_type": ["marks", "exam"], "object_id": "236", "object_repr": "Showrob - Mathematics - MCQ", "action_flag": 3, "change_message": ""}}, {"model": "admin.logentry", "pk": 188, "fields": {"action_time": "2025-12-04T11:04:48.894Z", "user": ["olin"], "content_type": ["marks", "exam"], "object_id": "239", "object_repr": "Zahin - Mathematics - CQ", "action_flag": 2, "change_message": "[{\"changed\": {\"fields\": [\"Mark obtained\"]}}]"}}, {"model": "admin.logentry", "pk": 189, "fields": {"action_time": "2025-12-04T11:41:23.485Z", "user": ["olin"], "content_type": ["marks", "exam"], "object_id": "242", "object_repr": "Showrob - Science - CQ", "action_flag": 2, "change_message": "[{\"changed\": {\"fields\": [\"Mark obtained\"]}}]"}}, {"model": "admin.logentry", "pk": 190, "fields": {"action_time": "2025-12-04T11:41:34.716Z", "user": ["olin"], "content_type": ["marks", "exam"], "object_id": "242", "object_repr": "Showrob - Science - CQ", "action_flag": 2, "change_message": "[{\"changed\": {\"fields\": [\"Mark obtained\"]}}]"}}, {"model": "admin.logentry", "pk": 191, "fields": {"action_time": "2025-12-04T11:41:46.218Z", "user": ["olin"], "content_type": ["marks", "exam"], "object_id": "242", "object_repr": "Showrob - Science - CQ", "action_flag": 2, "change_message": "[{\"changed\": {\"fields\": [\"Mark obtained\"]}}]"}}, {"model": "admin.logentry", "pk": 192, "fields": {"action_time": "2025-12-04T13:18:12.061Z", "user": ["olin"], "content_type": ["marks", "exam"], "object_id": "245", "object_repr": "Zahin - Physics - CQ", "action_flag": 3, "change_message": ""}}, {"model": "admin.logentry", "pk": 193, "fields": {"action_time": "2025-12-04T13:18:12.063Z", "user": ["olin"], "content_type": ["marks", "exam"], "object_id": "244", "object_repr": "Zabib - Physics - CQ", "action_flag": 3, "change_message": ""}}, {"model": "admin.logentry", "pk": 194, "fields": {"action_time": "2025-12-04T13:18:12.063Z", "user": ["olin"], "content_type": ["marks", "exam"], "object_id": "243", "object_repr": "Showrob - Physics - CQ", "action_flag": 3, "change_message": ""}}, {"model": "admin.logentry", "pk": 195, "fields": {"action_time": "2025-12-04T13:18:19.417Z", "user": ["olin"], "content_type": ["marks", "subject"], "object_id": "19", "object_repr": "Physics", "action_flag": 3, "change_message": ""}}, {"model": "admin.logentry", "pk": 196, "fields": {"action_time": "2025-12-10T11:10:15.142Z", "user": ["olin"], "content_type": ["marks", "exam"], "object_id": "254", "object_repr": "Zahin - Science - MCQ", "action_flag": 3, "change_message": ""}}, {"model": "admin.logentry", "pk": 197, "fields": {"action_time": "2025-12-10T11:10:15.142Z", "user": ["olin"], "content_type": ["marks", "exam"], "object_id": "253", "object_repr": "Zabib - Science - MCQ", "action_flag": 3, "change_message": ""}}, {"model": "admin.logentry", "pk": 198, "fields": {"action_time": "2025-12-10T11:10:15.142Z", "user": ["olin"], "content_type": ["marks", "exam"], "object_id": "252", "object_repr": "Showrob - Science - MCQ", "action_flag": 3, "change_message": ""}}, {"model": "admin.logentry", "pk": 199, "fields": {"action_time": "2025-12-10T11:10:15.142Z", "user": ["olin"], "content_type": ["marks", "exam"], "object_id": "251", "object_repr": "Zabib - Bangla 1st Paper - CQ", "action_flag": 3, "change_message": ""}}, {"model": "admin.logentry", "pk": 200, "fields": {"action_time": "2025-12-10T11:10:15.142Z", "user": ["olin"], "content_type": ["marks", "exam"], "object_id": "250", "object_repr": "Zahin - Bangla 1st Paper - CQ", "action_flag": 3, "change_message": ""}}, {"model": "admin.logentry", "pk": 201, "fields": {"action_time": "2025-12-10T11:10:15.142Z", "user": ["olin"], "content_type": ["marks", "exam"], "object_id": "249", "object_repr": "Showrob - Bangla 1st Paper - CQ", "action_flag": 3, "change_message": ""}}, {"model": "admin.logentry", "pk": 202, "fields": {"action_time": "2025-12-10T11:10:15.142Z", "user": ["olin"], "content_type": ["marks", "exam"], "object_id": "248", "object_repr": "Zabib - English 1st Paper - CQ", "action_flag": 3, "change_message": ""}}, {"model": "admin.logentry", "pk": 203, "fields": {"action_time": "2025-12-10T11:10:15.142Z", "user": ["olin"], "content_type": ["marks", "exam"], "object_id": "247", "object_repr": "Zahin - English 1st Paper - CQ", "action_flag": 3, "change_message": ""}}, {"model": "admin.logentry", "pk": 204, "fields": {"action_time": "2025-12-10T11:10:15.142Z", "user": ["olin"], "content_type": ["marks", "exam"], "object_id": "246", "object_repr": "Showrob - English 1st Paper - CQ", "action_flag": 3, "change_message": ""}}, {"model": "admin.logentry", "pk": 205, "fields": {"action_time": "2025-12-10T11:10:15.142Z", "user": ["olin"], "content_type": ["marks", "exam"], "object_id": "242", "object_repr": "Showrob - Science - CQ", "action_flag": 3, "change_message": ""}}, {"model": "admin.logentry", "pk": 206, "fields": {"action_time": "2025-12-10T11:10:15.142Z", "user": ["olin"], "content_type": ["marks", "exam"], "object_id": "241", "object_repr": "Zabib - Mathematics - CQ", "action_flag": 3, "change_message": ""}}, {"model": "admin.logentry", "pk": 207, "fields": {"action_time": "2025-12-10T11:10:15.142Z", "user": ["olin"], "content_type": ["marks", "exam"], "object_id": "240", "object_repr": "Showrob - Mathematics - CQ", "action_flag": 3, "change_message": ""}}, {"model": "admin.logentry", "pk": 208, "fields": {"action_time": "2025-12-10T11:10:15.142Z", "user": ["olin"], "content_type": ["marks", "exam"], "object_id": "239", "object_repr": "Zahin - Mathematics - CQ", "action_flag": 3, "change_message": ""}}, {"model": "admin.logentry", "pk": 209, "fields": {"action_time": "2025-12-10T11:10:15.142Z", "user": ["olin"], "content_type": ["marks", "exam"], "object_id": "209", "object_repr": "Zahin - Mathematics - CQ", "action_flag": 3, "change_message": ""}}, {"model": "admin.logentry", "pk": 210, "fields": {"action_time": "2025-12-10T11:10:15.142Z", "user": ["olin"], "content_type": ["marks", "exam"], "object_id": "208", "object_repr": "Zabib - Mathematics - CQ", "action_flag": 3, "change_message": ""}}, {"model": "admin.logentry", "pk": 211, "fields": {"action_time": "2025-12-10T11:10:15.142Z", "user": ["olin"], "content_type": ["marks", "exam"], "object_id": "207", "object_repr": "Showrob - Mathematics - CQ", "action_flag": 3, "change_message": ""}}, {"model": "admin.logentry", "pk": 212, "fields": {"action_time": "2025-12-10T11:10:39.296Z", "user": ["olin"], "content_type": ["marks", "pointsspent"], "object_id": "8", "object_repr": "Showrob - 90 points on 2025-12-04", "action_flag": 3, "change_message": ""}}, {"model": "admin.logentry", "pk": 213, "fields": {"action_time": "2025-12-10T11:14:28.037Z", "user": ["olin"], "content_type": ["marks", "student"], "object_id": "13", "object_repr": "Zahin", "action_flag": 2, "change_message": "[{\"changed\": {\"fields\": [\"Class name\"]}}]"}}, {"model": "admin.logentry", "pk": 214, "fields": {"action_time": "2025-12-10T11:15:00.574Z", "user": ["olin"], "content_type": ["marks", "student"], "object_id": "15", "object_repr": "Showrob hasan", "action_flag": 2, "change_message": "[{\"changed\": {\"fields\": [\"Name\"]}}]"}}, {"model": "admin.logentry", "pk": 215, "fields": {"action_time": "2025-12-10T11:16:28.556Z", "user": ["olin"], "content_type": ["marks", "student"], "object_id": "13", "object_repr": "Zahin", "action_flag": 2, "change_message": "[{\"changed\": {\"fields\": [\"Class name\"]}}]"}}, {"model": "admin.logentry", "pk": 216, "fields": {"action_time": "2025-12-10T11:16:46.719Z", "user": ["olin"], "content_type": ["marks", "student"], "object_id": "15", "object_repr": "Showrob", "action_flag": 2, "change_message": "[{\"changed\": {\"fields\": [\"Name\"]}}]"}}, {"model": "admin.logentry", "pk": 217, "fields": {"action_time": "2025-12-10T11:17:55.707Z", "user": ["olin"], "content_type": ["marks", "subject"], "object_id": "20", "object_repr": "Bangla 1st Paper", "action_flag": 3, "change_message": ""}}, {"model": "admin.logentry", "pk": 218, "fields": {"action_time": "2025-12-11T09:48:58.775Z", "user": ["olin"], "content_type": ["marks", "exam"], "object_id": "283", "object_repr": "Showrob - English 1st Paper - CQ", "action_flag": 3, "change_message": ""}}, {"model": "admin.logentry", "pk": 219, "fields": {"action_time": "2025-12-11T09:48:58.775Z", "user": ["olin"], "content_type": ["marks", "exam"], "object_id": "282", "object_repr": "Showrob - Mathematics - CQ", "action_flag": 3, "change_message": ""}}, {"model": "admin.logentry", "pk": 220, "fields": {"action_time": "2025-12-11T09:51:52.563Z", "user": ["olin"], "content_type": ["marks", "exam"], "object_id": "285", "object_repr": "Zahin - Mathematics - CQ", "action_flag": 3, "change_message": ""}}, {"model": "admin.logentry", "pk": 221, "fields": {"action_time": "2025-12-11T09:51:52.563Z", "user": ["olin"], "content_type": ["marks", "exam"], "object_id": "284", "object_repr": "Zabib - Mathematics - CQ", "action_flag": 3, "change_message": ""}}, {"model": "admin.logentry", "pk": 222, "fields": {"action_time": "2025-12-11T10:32:27.386Z", "user": ["olin"], "content_type": ["marks", "exam"], "object_id": "288", "object_repr": "Showrob - Mathematics - CQ", "action_flag": 3, "change_message": ""}}, {"model": "admin.logentry", "pk": 223, "fields": {"action_time": "2025-12-11T10:35:32.725Z", "user": ["olin"], "content_type": ["marks", "exam"], "object_id": "287", "object_repr": "Zahin - Mathematics - CQ", "action_flag": 3, "change_message": ""}}, {"model": "admin.logentry", "pk": 224, "fields": {"action_time": "2025-12-11T10:35:32.725Z", "user": ["olin"], "content_type": ["marks", "exam"], "object_id": "286", "object_repr": "Zabib - Mathematics - CQ", "action_flag": 3, "change_message": ""}}, {"model": "admin.logentry", "pk": 225, "fields": {"action_time": "2025-12-11T10:45:34.383Z", "user": ["olin"], "content_type": ["marks", "exam"], "object_id": "290", "object_repr": "Zahin - Mathematics - CQ", "action_flag": 3, "change_message": ""}}, {"model": "admin.logentry", "pk": 226, "fields": {"action_time": "2025-12-11T10:45:34.383Z", "user": ["olin"], "content_type": ["marks", "exam"], "object_id": "289", "object_repr": "Zabib - Mathematics - CQ", "action_flag": 3, "change_message": ""}}]